{"cameraMode":{"drawMode":0,"name":"Shaded","section":"Shading Mode"},"sceneLighting":false,"audioPlay":false,"sceneViewState":{"m_AlwaysRefresh":false,"showFog":true,"showSkybox":false,"showFlares":true,"showImageEffects":true,"showParticleSystems":true,"showVisualEffectGraphs":true,"m_FxEnabled":true},"in2DMode":false,"pivot":{"x":-0.599504828453064,"y":3.1707370281219484,"z":11.037569999694825},"rotation":{"x":0.10974770039319992,"y":0.3108713626861572,"z":-0.03616403043270111,"w":0.9434142112731934},"size":2.5681655406951906,"orthographic":false}